{
    "h1": {
        "Precision": 0.28479853479853484,
        "Recall": 0.3328527047547401,
        "F1": 0.11669217426793184,
        "MCC": 0.004857259601119722,
        "Accuracy": 0.17272727272727273,
        "MSE": 0.0005501252599060535,
        "RMSE": 0.023454749197253284,
        "MAE": 0.01751672849059105,
        "R2": -0.10188961029052734,
        "directional_acc": 0.5131313131313131,
        "trading_sim": {
            "Total_Market_Return": 12.966577529907227,
            "Total_Strategy_Return": -0.946582555770874,
            "Sharpe_Ratio": -1.9692870882688613,
            "Win_Rate": 0.40618336886993606,
            "Num_Trades": 938
        }
    },
    "h2": {
        "Precision": 0.09811095169775226,
        "Recall": 0.3146730462519936,
        "F1": 0.11865406984991629,
        "MCC": -0.021784815988030747,
        "Accuracy": 0.1202020202020202,
        "MSE": 0.001704644993878901,
        "RMSE": 0.04128734665583272,
        "MAE": 0.030304759740829468,
        "R2": -0.021309256553649902,
        "directional_acc": 0.6626262626262627,
        "trading_sim": {
            "Total_Market_Return": 77281.1953125,
            "Total_Strategy_Return": -0.9999406933784485,
            "Sharpe_Ratio": -3.388929138560896,
            "Win_Rate": 0.37676767676767675,
            "Num_Trades": 990
        }
    }
}