{
    "h1": {
        "Precision": 0.2922262922262922,
        "Recall": 0.35306000195037684,
        "F1": 0.31976607681726193,
        "MCC": 0.03194013506626393,
        "Accuracy": 0.6,
        "MSE": 0.001176771242171526,
        "RMSE": 0.03430409949512632,
        "MAE": 0.027332013472914696,
        "R2": -1.3570494651794434,
        "directional_acc": 0.5787878787878787,
        "trading_sim": {
            "Total_Market_Return": 0.7728075786552719,
            "Total_Strategy_Return": 0.02904297080204299,
            "Sharpe_Ratio": 0.1389843175380477,
            "Win_Rate": 0.29239766081871343,
            "Num_Trades": 171
        }
    },
    "h2": {
        "Precision": 0.3011085498066108,
        "Recall": 0.33971814782858784,
        "F1": 0.21848121263636236,
        "MCC": -0.017765129702412886,
        "Accuracy": 0.2474747474747475,
        "MSE": 0.0020173511002212763,
        "RMSE": 0.04491493181806332,
        "MAE": 0.03296417370438576,
        "R2": -0.20866167545318604,
        "directional_acc": 0.6727272727272727,
        "trading_sim": {
            "Total_Market_Return": 0.7728075786552719,
            "Total_Strategy_Return": 0.3907687855190207,
            "Sharpe_Ratio": 0.6237482155190125,
            "Win_Rate": 0.3895953757225434,
            "Num_Trades": 865
        }
    }
}