{
    "h1": {
        "Precision": 0.4144083694892579,
        "Recall": 0.4083927981011031,
        "F1": 0.3919425366808631,
        "MCC": 0.10600980699151563,
        "Accuracy": 0.45197168857431747,
        "MSE": 0.0009395700180903077,
        "RMSE": 0.03065240639966637,
        "MAE": 0.024371031671762466,
        "R2": -0.4177541732788086,
        "directional_acc": 0.5217391304347826,
        "dir_head_acc": null,
        "trading_sim": {
            "Total_Market_Return": 0.5989996003537936,
            "Total_Strategy_Return": 0.6253315112700937,
            "Sharpe_Ratio": 1.1509525157444425,
            "Win_Rate": 0.32567049808429116,
            "Num_Trades": 522
        },
        "detailed_cls_report": {
            "Bear": {
                "precision": 0.225130890052356,
                "recall": 0.45989304812834225,
                "f1-score": 0.3022847100175747,
                "support": 187.0
            },
            "Neutral": {
                "precision": 0.6680942184154176,
                "recall": 0.514003294892916,
                "f1-score": 0.5810055865921788,
                "support": 607.0
            },
            "Bull": {
                "precision": 0.35,
                "recall": 0.2512820512820513,
                "f1-score": 0.29253731343283584,
                "support": 195.0
            },
            "accuracy": 0.45197168857431747,
            "macro avg": {
                "precision": 0.4144083694892579,
                "recall": 0.4083927981011031,
                "f1-score": 0.3919425366808631,
                "support": 989.0
            },
            "weighted avg": {
                "precision": 0.5216204924347311,
                "recall": 0.45197168857431747,
                "f1-score": 0.47142811724382405,
                "support": 989.0
            }
        }
    },
    "h2": {
        "Precision": 0.3776302036480154,
        "Recall": 0.36654946424299556,
        "F1": 0.35779924101032723,
        "MCC": 0.06802152972373614,
        "Accuracy": 0.4711830131445905,
        "MSE": 0.0020040643867105246,
        "RMSE": 0.04476677771194309,
        "MAE": 0.03572549298405647,
        "R2": -0.19335389137268066,
        "directional_acc": 0.4974721941354904,
        "trading_sim": {
            "Total_Market_Return": 0.5989996003537936,
            "Total_Strategy_Return": 1.3524011344996665,
            "Sharpe_Ratio": 1.4375307774987107,
            "Win_Rate": 0.36715481171548114,
            "Num_Trades": 956
        },
        "detailed_cls_report": {
            "Bear": {
                "precision": 0.4026717557251908,
                "recall": 0.5718157181571816,
                "f1-score": 0.47256438969764836,
                "support": 369.0
            },
            "Neutral": {
                "precision": 0.15151515151515152,
                "recall": 0.05434782608695652,
                "f1-score": 0.08,
                "support": 92.0
            },
            "Bull": {
                "precision": 0.5787037037037037,
                "recall": 0.4734848484848485,
                "f1-score": 0.5208333333333334,
                "support": 528.0
            },
            "accuracy": 0.4711830131445905,
            "macro avg": {
                "precision": 0.3776302036480154,
                "recall": 0.36654946424299556,
                "f1-score": 0.35779924101032723,
                "support": 989.0
            },
            "weighted avg": {
                "precision": 0.4732869841835641,
                "recall": 0.4711830131445905,
                "f1-score": 0.46181623842106395,
                "support": 989.0
            }
        }
    }
}