{
    "h1": {
        "Precision": 0.41935511553491683,
        "Recall": 0.42083741542991476,
        "F1": 0.41531565330243075,
        "MCC": 0.14991608370248422,
        "Accuracy": 0.5581395348837209,
        "MSE": 0.0012294676853343844,
        "RMSE": 0.035063765989043226,
        "MAE": 0.027739498764276505,
        "R2": -0.8526840209960938,
        "directional_acc": 0.5571284125379171,
        "dir_head_acc": null,
        "trading_sim": {
            "Total_Market_Return": 0.5776739234754535,
            "Total_Strategy_Return": 0.2949867278070022,
            "Sharpe_Ratio": 0.795017313720953,
            "Win_Rate": 0.30128205128205127,
            "Num_Trades": 312
        },
        "detailed_cls_report": {
            "Bear": {
                "precision": 0.21296296296296297,
                "recall": 0.12299465240641712,
                "f1-score": 0.15593220338983052,
                "support": 187.0
            },
            "Neutral": {
                "precision": 0.6676514032496307,
                "recall": 0.7446457990115322,
                "f1-score": 0.7040498442367601,
                "support": 607.0
            },
            "Bull": {
                "precision": 0.37745098039215685,
                "recall": 0.39487179487179486,
                "f1-score": 0.38596491228070173,
                "support": 195.0
            },
            "accuracy": 0.5581395348837209,
            "macro avg": {
                "precision": 0.41935511553491683,
                "recall": 0.42083741542991476,
                "f1-score": 0.41531565330243075,
                "support": 989.0
            },
            "weighted avg": {
                "precision": 0.524460482328686,
                "recall": 0.5581395348837209,
                "f1-score": 0.5376953846110704,
                "support": 989.0
            }
        }
    },
    "h2": {
        "Precision": 0.3671089436878911,
        "Recall": 0.372251419805252,
        "F1": 0.3661224263164298,
        "MCC": 0.11344097668088697,
        "Accuracy": 0.5207280080889788,
        "MSE": 0.002677661832422018,
        "RMSE": 0.05174612867086791,
        "MAE": 0.03989902138710022,
        "R2": -0.594436764717102,
        "directional_acc": 0.5672396359959555,
        "trading_sim": {
            "Total_Market_Return": 0.5776739234754535,
            "Total_Strategy_Return": 0.5868858392930709,
            "Sharpe_Ratio": 0.812653851256709,
            "Win_Rate": 0.3663471778487753,
            "Num_Trades": 939
        },
        "detailed_cls_report": {
            "Bear": {
                "precision": 0.483974358974359,
                "recall": 0.4081081081081081,
                "f1-score": 0.44281524926686217,
                "support": 370.0
            },
            "Neutral": {
                "precision": 0.04,
                "recall": 0.021739130434782608,
                "f1-score": 0.028169014084507043,
                "support": 92.0
            },
            "Bull": {
                "precision": 0.5773524720893142,
                "recall": 0.6869070208728653,
                "f1-score": 0.6273830155979203,
                "support": 527.0
            },
            "accuracy": 0.5207280080889788,
            "macro avg": {
                "precision": 0.3671089436878911,
                "recall": 0.372251419805252,
                "f1-score": 0.3661224263164298,
                "support": 989.0
            },
            "weighted avg": {
                "precision": 0.4924320178074635,
                "recall": 0.5207280080889788,
                "f1-score": 0.5025925588924344,
                "support": 989.0
            }
        }
    }
}