{
    "h1": {
        "Precision": 0.28073834014372273,
        "Recall": 0.3425418982739165,
        "F1": 0.3066231324236681,
        "MCC": 0.015144177793045624,
        "Accuracy": 0.5595959595959596,
        "MSE": 0.0005643805488944054,
        "RMSE": 0.02375669482260538,
        "MAE": 0.0178843904286623,
        "R2": -0.13001132011413574,
        "directional_acc": 0.5848484848484848,
        "trading_sim": {
            "Total_Market_Return": 0.7014703312807038,
            "Total_Strategy_Return": -0.07698317649575126,
            "Sharpe_Ratio": -0.28679789505253306,
            "Win_Rate": 0.2765957446808511,
            "Num_Trades": 235
        }
    },
    "h2": {
        "Precision": 0.29329081250935213,
        "Recall": 0.26940424963530035,
        "F1": 0.1337607700052416,
        "MCC": -0.048011156004450925,
        "Accuracy": 0.15757575757575756,
        "MSE": 0.002201997907832265,
        "RMSE": 0.04692545053414261,
        "MAE": 0.03622100129723549,
        "R2": -0.3253389596939087,
        "directional_acc": 0.5797979797979798,
        "trading_sim": {
            "Total_Market_Return": 0.7014703312807038,
            "Total_Strategy_Return": 0.5615572987630146,
            "Sharpe_Ratio": 0.7844139964123432,
            "Win_Rate": 0.3513238289205703,
            "Num_Trades": 982
        }
    }
}