{
    "h1": {
        "Precision": 0.39902822273073985,
        "Recall": 0.40656728676885673,
        "F1": 0.39982280011974053,
        "MCC": 0.09387516281401628,
        "Accuracy": 0.47320525783619816,
        "MSE": 0.001297065056860447,
        "RMSE": 0.03601478941852148,
        "MAE": 0.028267817571759224,
        "R2": -0.9564425945281982,
        "directional_acc": 0.531850353892821,
        "dir_head_acc": null,
        "trading_sim": {
            "Total_Market_Return": 0.5966713720150396,
            "Total_Strategy_Return": 0.2120276933773344,
            "Sharpe_Ratio": 0.5562495963839379,
            "Win_Rate": 0.3150984682713348,
            "Num_Trades": 457
        },
        "detailed_cls_report": {
            "Bear": {
                "precision": 0.248,
                "recall": 0.3315508021390374,
                "f1-score": 0.2837528604118993,
                "support": 187.0
            },
            "Neutral": {
                "precision": 0.6447368421052632,
                "recall": 0.5650741350906096,
                "f1-score": 0.6022827041264267,
                "support": 607.0
            },
            "Bull": {
                "precision": 0.30434782608695654,
                "recall": 0.3230769230769231,
                "f1-score": 0.31343283582089554,
                "support": 195.0
            },
            "accuracy": 0.47320525783619816,
            "macro avg": {
                "precision": 0.39902822273073985,
                "recall": 0.40656728676885673,
                "f1-score": 0.39982280011974053,
                "support": 989.0
            },
            "weighted avg": {
                "precision": 0.5026077747672915,
                "recall": 0.47320525783619816,
                "f1-score": 0.4851029214224881,
                "support": 989.0
            }
        }
    },
    "h2": {
        "Precision": 0.3142420715740471,
        "Recall": 0.31850517368810055,
        "F1": 0.31557069668690324,
        "MCC": 0.017669310025910472,
        "Accuracy": 0.4408493427704752,
        "MSE": 0.0029365066438913345,
        "RMSE": 0.054189543676721755,
        "MAE": 0.04208419471979141,
        "R2": -0.7487355470657349,
        "directional_acc": 0.5480283114256825,
        "trading_sim": {
            "Total_Market_Return": 0.5966713720150396,
            "Total_Strategy_Return": 0.5500157019623761,
            "Sharpe_Ratio": 0.7973112593269766,
            "Win_Rate": 0.36223929747530187,
            "Num_Trades": 911
        },
        "detailed_cls_report": {
            "Bear": {
                "precision": 0.37857142857142856,
                "recall": 0.43089430894308944,
                "f1-score": 0.40304182509505704,
                "support": 369.0
            },
            "Neutral": {
                "precision": 0.0,
                "recall": 0.0,
                "f1-score": 0.0,
                "support": 92.0
            },
            "Bull": {
                "precision": 0.5641547861507128,
                "recall": 0.5246212121212122,
                "f1-score": 0.5436702649656526,
                "support": 528.0
            },
            "accuracy": 0.4408493427704752,
            "macro avg": {
                "precision": 0.3142420715740471,
                "recall": 0.31850517368810055,
                "f1-score": 0.31557069668690324,
                "support": 989.0
            },
            "weighted avg": {
                "precision": 0.4424333510924504,
                "recall": 0.4408493427704752,
                "f1-score": 0.44062723292410577,
                "support": 989.0
            }
        }
    }
}