{
    "h1": {
        "Precision": 0.37694839218078746,
        "Recall": 0.3649727594584434,
        "F1": 0.26906138791384693,
        "MCC": 0.05916468551399423,
        "Accuracy": 0.29547844374342797,
        "MSE": 0.001831288798712194,
        "RMSE": 0.04279356024815175,
        "MAE": 0.03201394900679588,
        "R2": -0.07547950744628906,
        "directional_acc": 0.6046267087276551,
        "trading_sim": {
            "Total_Market_Return": 0.6006675538816157,
            "Total_Strategy_Return": 0.15844682575901525,
            "Sharpe_Ratio": 0.32340577011054084,
            "Win_Rate": 0.3440265486725664,
            "Num_Trades": 904
        }
    },
    "h2": {
        "Precision": 0.1760728930733816,
        "Recall": 0.2790128755364807,
        "F1": 0.190732026001722,
        "MCC": -0.06091000033284256,
        "Accuracy": 0.25236593059936907,
        "MSE": 0.0060524847358465195,
        "RMSE": 0.07779771677784972,
        "MAE": 0.06173600256443024,
        "R2": -0.4318697452545166,
        "directional_acc": 0.5036803364879074,
        "trading_sim": {
            "Total_Market_Return": 0.6006675538816157,
            "Total_Strategy_Return": 0.2691331132841299,
            "Sharpe_Ratio": 0.46708443573285674,
            "Win_Rate": 0.35856992639327023,
            "Num_Trades": 951
        }
    }
}