{
    "h1": {
        "Precision": 0.3800759973921886,
        "Recall": 0.3908870511642098,
        "F1": 0.34556068910848076,
        "MCC": 0.08374694214521541,
        "Accuracy": 0.39737108190091003,
        "MSE": 0.0009498994331806898,
        "RMSE": 0.03082043856243272,
        "MAE": 0.023707859218120575,
        "R2": -0.43279051780700684,
        "directional_acc": 0.5662285136501517,
        "dir_head_acc": null,
        "trading_sim": {
            "Total_Market_Return": 0.5966714245539575,
            "Total_Strategy_Return": 0.8475358039490244,
            "Sharpe_Ratio": 1.1835539974591607,
            "Win_Rate": 0.3632,
            "Num_Trades": 625
        },
        "detailed_cls_report": {
            "Bear": {
                "precision": 0.22900763358778625,
                "recall": 0.16042780748663102,
                "f1-score": 0.18867924528301888,
                "support": 187.0
            },
            "Neutral": {
                "precision": 0.6703296703296703,
                "recall": 0.40197693574958815,
                "f1-score": 0.5025746652935118,
                "support": 607.0
            },
            "Bull": {
                "precision": 0.2408906882591093,
                "recall": 0.6102564102564103,
                "f1-score": 0.3454281567489115,
                "support": 195.0
            },
            "accuracy": 0.39737108190091003,
            "macro avg": {
                "precision": 0.3800759973921886,
                "recall": 0.3908870511642098,
                "f1-score": 0.34556068910848076,
                "support": 989.0
            },
            "weighted avg": {
                "precision": 0.5022125597386776,
                "recall": 0.39737108190091003,
                "f1-score": 0.4122389598252011,
                "support": 989.0
            }
        }
    },
    "h2": {
        "Precision": 0.3786197228979962,
        "Recall": 0.36844474258313076,
        "F1": 0.354553135638407,
        "MCC": 0.09353625003797703,
        "Accuracy": 0.5278058645096056,
        "MSE": 0.0017129236366599798,
        "RMSE": 0.04138748164191655,
        "MAE": 0.031591471284627914,
        "R2": -0.02007269859313965,
        "directional_acc": 0.6117290192113246,
        "trading_sim": {
            "Total_Market_Return": 0.5966714245539575,
            "Total_Strategy_Return": 0.8706043513523944,
            "Sharpe_Ratio": 1.0619874192753456,
            "Win_Rate": 0.37307297019527236,
            "Num_Trades": 973
        },
        "detailed_cls_report": {
            "Bear": {
                "precision": 0.4384057971014493,
                "recall": 0.32791327913279134,
                "f1-score": 0.3751937984496124,
                "support": 369.0
            },
            "Neutral": {
                "precision": 0.125,
                "recall": 0.021739130434782608,
                "f1-score": 0.037037037037037035,
                "support": 92.0
            },
            "Bull": {
                "precision": 0.5724533715925395,
                "recall": 0.7556818181818182,
                "f1-score": 0.6514285714285715,
                "support": 528.0
            },
            "accuracy": 0.5278058645096056,
            "macro avg": {
                "precision": 0.3786197228979962,
                "recall": 0.36844474258313076,
                "f1-score": 0.354553135638407,
                "support": 989.0
            },
            "weighted avg": {
                "precision": 0.48081609639160333,
                "recall": 0.5278058645096056,
                "f1-score": 0.49121153159716896,
                "support": 989.0
            }
        }
    }
}