{
    "h1": {
        "Precision": 0.3700032177677905,
        "Recall": 0.38055344532716373,
        "F1": 0.3535508654595245,
        "MCC": 0.056900972179177244,
        "Accuracy": 0.3852376137512639,
        "MSE": 0.0024275630712509155,
        "RMSE": 0.049270306181826345,
        "MAE": 0.040382590144872665,
        "R2": -2.6580941677093506,
        "directional_acc": 0.5369059656218402,
        "dir_head_acc": null,
        "trading_sim": {
            "Total_Market_Return": 0.5776742113622009,
            "Total_Strategy_Return": 0.18473392650843556,
            "Sharpe_Ratio": 0.4310362684669161,
            "Win_Rate": 0.3225283630470016,
            "Num_Trades": 617
        },
        "detailed_cls_report": {
            "Bear": {
                "precision": 0.21082621082621084,
                "recall": 0.39572192513368987,
                "f1-score": 0.275092936802974,
                "support": 187.0
            },
            "Neutral": {
                "precision": 0.6397849462365591,
                "recall": 0.39209225700164746,
                "f1-score": 0.48621041879468846,
                "support": 607.0
            },
            "Bull": {
                "precision": 0.2593984962406015,
                "recall": 0.35384615384615387,
                "f1-score": 0.2993492407809111,
                "support": 195.0
            },
            "accuracy": 0.3852376137512639,
            "macro avg": {
                "precision": 0.3700032177677905,
                "recall": 0.38055344532716373,
                "f1-score": 0.3535508654595245,
                "support": 989.0
            },
            "weighted avg": {
                "precision": 0.4836771188645198,
                "recall": 0.3852376137512639,
                "f1-score": 0.4094491459482403,
                "support": 989.0
            }
        }
    },
    "h2": {
        "Precision": 0.32880754260407036,
        "Recall": 0.357358497016941,
        "F1": 0.3423137975135096,
        "MCC": 0.07261278363032386,
        "Accuracy": 0.4974721941354904,
        "MSE": 0.002905449364334345,
        "RMSE": 0.05390222040263597,
        "MAE": 0.03984149917960167,
        "R2": -0.7300755977630615,
        "directional_acc": 0.6521739130434783,
        "trading_sim": {
            "Total_Market_Return": 0.5776742113622009,
            "Total_Strategy_Return": 0.6053036250831618,
            "Sharpe_Ratio": 0.8228888940152551,
            "Win_Rate": 0.36512820512820515,
            "Num_Trades": 975
        },
        "detailed_cls_report": {
            "Bear": {
                "precision": 0.4056603773584906,
                "recall": 0.4648648648648649,
                "f1-score": 0.4332493702770781,
                "support": 370.0
            },
            "Neutral": {
                "precision": 0.0,
                "recall": 0.0,
                "f1-score": 0.0,
                "support": 92.0
            },
            "Bull": {
                "precision": 0.5807622504537205,
                "recall": 0.6072106261859582,
                "f1-score": 0.5936920222634509,
                "support": 527.0
            },
            "accuracy": 0.4974721941354904,
            "macro avg": {
                "precision": 0.32880754260407036,
                "recall": 0.357358497016941,
                "f1-score": 0.3423137975135096,
                "support": 989.0
            },
            "weighted avg": {
                "precision": 0.46122957089155936,
                "recall": 0.4974721941354904,
                "f1-score": 0.4784408116636577,
                "support": 989.0
            }
        }
    }
}