{
    "h1": {
        "Precision": 0.3872988944907035,
        "Recall": 0.3685833413714022,
        "F1": 0.3723570520810571,
        "MCC": 0.05507171696032164,
        "Accuracy": 0.5146612740141557,
        "MSE": 0.0008930081967264414,
        "RMSE": 0.029883242741149115,
        "MAE": 0.023633001372218132,
        "R2": -0.34697890281677246,
        "directional_acc": 0.5227502527805864,
        "dir_head_acc": null,
        "trading_sim": {
            "Total_Market_Return": 0.5966713305419089,
            "Total_Strategy_Return": 0.552460752686164,
            "Sharpe_Ratio": 1.183096815303463,
            "Win_Rate": 0.2953020134228188,
            "Num_Trades": 298
        },
        "detailed_cls_report": {
            "Bear": {
                "precision": 0.16374269005847952,
                "recall": 0.1497326203208556,
                "f1-score": 0.1564245810055866,
                "support": 187.0
            },
            "Neutral": {
                "precision": 0.6280752532561505,
                "recall": 0.71499176276771,
                "f1-score": 0.6687211093990755,
                "support": 607.0
            },
            "Bull": {
                "precision": 0.3700787401574803,
                "recall": 0.24102564102564103,
                "f1-score": 0.2919254658385093,
                "support": 195.0
            },
            "accuracy": 0.5146612740141557,
            "macro avg": {
                "precision": 0.3872988944907035,
                "recall": 0.3685833413714022,
                "f1-score": 0.3723570520810571,
                "support": 989.0
            },
            "weighted avg": {
                "precision": 0.4894104308373385,
                "recall": 0.5146612740141557,
                "f1-score": 0.4975637774436732,
                "support": 989.0
            }
        }
    },
    "h2": {
        "Precision": 0.30320672348496563,
        "Recall": 0.3054622756372491,
        "F1": 0.297419411752496,
        "MCC": -0.06222698729208138,
        "Accuracy": 0.40950455005055614,
        "MSE": 0.002268519252538681,
        "RMSE": 0.047628974926389935,
        "MAE": 0.03698764368891716,
        "R2": -0.35093891620635986,
        "directional_acc": 0.49848331648129424,
        "trading_sim": {
            "Total_Market_Return": 0.5966713305419089,
            "Total_Strategy_Return": 1.5522089004593216,
            "Sharpe_Ratio": 1.552759077677496,
            "Win_Rate": 0.36628511966701355,
            "Num_Trades": 961
        },
        "detailed_cls_report": {
            "Bear": {
                "precision": 0.33611691022964507,
                "recall": 0.4363143631436314,
                "f1-score": 0.37971698113207547,
                "support": 369.0
            },
            "Neutral": {
                "precision": 0.07142857142857142,
                "recall": 0.021739130434782608,
                "f1-score": 0.03333333333333333,
                "support": 92.0
            },
            "Bull": {
                "precision": 0.5020746887966805,
                "recall": 0.4583333333333333,
                "f1-score": 0.4792079207920792,
                "support": 528.0
            },
            "accuracy": 0.40950455005055614,
            "macro avg": {
                "precision": 0.30320672348496563,
                "recall": 0.3054622756372491,
                "f1-score": 0.297419411752496,
                "support": 989.0
            },
            "weighted avg": {
                "precision": 0.4000950496772649,
                "recall": 0.40950455005055614,
                "f1-score": 0.4006107329450155,
                "support": 989.0
            }
        }
    }
}