{
    "h1": {
        "Precision": 0.3820254665968952,
        "Recall": 0.36915747923828895,
        "F1": 0.368380544877881,
        "MCC": 0.0627385777437418,
        "Accuracy": 0.5819838056680162,
        "MSE": 0.0006929481751285493,
        "RMSE": 0.026323908811735186,
        "MAE": 0.01973710022866726,
        "R2": -0.3872263431549072,
        "directional_acc": 0.5607287449392713,
        "trading_sim": {
            "Total_Market_Return": 0.6885851102101304,
            "Total_Strategy_Return": 0.3852133578487733,
            "Sharpe_Ratio": 1.2695361497780855,
            "Win_Rate": 0.35294117647058826,
            "Num_Trades": 238
        }
    },
    "h2": {
        "Precision": 0.36032173401511386,
        "Recall": 0.36994199538746936,
        "F1": 0.3226990008292724,
        "MCC": 0.0734295688244729,
        "Accuracy": 0.39271255060728744,
        "MSE": 0.0027883921284228563,
        "RMSE": 0.05280522823000443,
        "MAE": 0.040165774524211884,
        "R2": -0.674588680267334,
        "directional_acc": 0.5647773279352226,
        "trading_sim": {
            "Total_Market_Return": 0.6885851102101304,
            "Total_Strategy_Return": 0.9960418954262504,
            "Sharpe_Ratio": 1.3551289671879883,
            "Win_Rate": 0.401854714064915,
            "Num_Trades": 647
        }
    }
}